<?xml version="1.0" encoding="UTF-8"?>
<GenRun Id="impl_1" LaunchPart="xc7a35tcpg236-1" LaunchTime="1686481797">
  <File Type="ROUTE-PWR" Name="System_power_routed.rpt"/>
  <File Type="PA-TCL" Name="System.tcl"/>
  <File Type="PWROPT-DCP" Name="System_pwropt.dcp"/>
  <File Type="ROUTE-PWR-SUM" Name="System_power_summary_routed.pb"/>
  <File Type="REPORTS-TCL" Name="System_reports.tcl"/>
  <File Type="BG-DRC" Name="System.drc"/>
  <File Type="OPT-HWDEF" Name="System.hwdef"/>
  <File Type="OPT-DCP" Name="System_opt.dcp"/>
  <File Type="OPT-DRC" Name="System_drc_opted.rpt"/>
  <File Type="PLACE-DCP" Name="System_placed.dcp"/>
  <File Type="PLACE-IO" Name="System_io_placed.rpt"/>
  <File Type="PLACE-UTIL" Name="System_utilization_placed.rpt"/>
  <File Type="PLACE-UTIL-PB" Name="System_utilization_placed.pb"/>
  <File Type="PLACE-CTRL" Name="System_control_sets_placed.rpt"/>
  <File Type="PLACE-PRE-SIMILARITY" Name="System_incremental_reuse_pre_placed.rpt"/>
  <File Type="POSTPLACE-PWROPT-DCP" Name="System_postplace_pwropt.dcp"/>
  <File Type="PHYSOPT-DCP" Name="System_physopt.dcp"/>
  <File Type="BG-BIT" Name="System.bit"/>
  <File Type="ROUTE-ERROR-DCP" Name="System_routed_error.dcp"/>
  <File Type="ROUTE-DCP" Name="System_routed.dcp"/>
  <File Type="ROUTE-BLACKBOX-DCP" Name="System_routed_bb.dcp"/>
  <File Type="ROUTE-DRC" Name="System_drc_routed.rpt"/>
  <File Type="ROUTE-DRC-PB" Name="System_drc_routed.pb"/>
  <File Type="ROUTE-DRC-RPX" Name="System_drc_routed.rpx"/>
  <File Type="BITSTR-MSK" Name="System.msk"/>
  <File Type="ROUTE-METHODOLOGY-DRC" Name="System_methodology_drc_routed.rpt"/>
  <File Type="BG-BGN" Name="System.bgn"/>
  <File Type="ROUTE-METHODOLOGY-DRC-RPX" Name="System_methodology_drc_routed.rpx"/>
  <File Type="BITSTR-RBT" Name="System.rbt"/>
  <File Type="ROUTE-METHODOLOGY-DRC-PB" Name="System_methodology_drc_routed.pb"/>
  <File Type="BG-BIN" Name="System.bin"/>
  <File Type="ROUTE-PWR-RPX" Name="System_power_routed.rpx"/>
  <File Type="ROUTE-STATUS" Name="System_route_status.rpt"/>
  <File Type="ROUTE-STATUS-PB" Name="System_route_status.pb"/>
  <File Type="ROUTE-TIMINGSUMMARY" Name="System_timing_summary_routed.rpt"/>
  <File Type="ROUTE-TIMING-PB" Name="System_timing_summary_routed.pb"/>
  <File Type="ROUTE-TIMING-RPX" Name="System_timing_summary_routed.rpx"/>
  <File Type="ROUTE-CLK" Name="System_clock_utilization_routed.rpt"/>
  <File Type="RDI-RDI" Name="System.vdi"/>
  <File Type="POSTROUTE-PHYSOPT-DCP" Name="System_postroute_physopt.dcp"/>
  <File Type="POSTROUTE-PHYSOPT-BLACKBOX-DCP" Name="System_postroute_physopt_bb.dcp"/>
  <File Type="BITSTR-NKY" Name="System.nky"/>
  <File Type="BITSTR-BMM" Name="System_bd.bmm"/>
  <File Type="BITSTR-MMI" Name="System.mmi"/>
  <File Type="BITSTR-LTX" Name="System.ltx"/>
  <File Type="BITSTR-SYSDEF" Name="System.sysdef"/>
  <File Type="WBT-USG" Name="usage_statistics_webtalk.html"/>
  <FileSet Name="sources" Type="DesignSrcs" RelSrcDir="$PSRCDIR/sources_1">
    <Filter Type="Srcs"/>
    <File Path="$PSRCDIR/sources_1/new/ASUnit.vhd">
      <FileInfo>
        <Attr Name="ImportPath" Val="$PPRDIR/../Nano Processor/Nano Processor.srcs/sources_1/new/ASUnit.vhd"/>
        <Attr Name="ImportTime" Val="1685515308"/>
        <Attr Name="UsedIn" Val="synthesis"/>
        <Attr Name="UsedIn" Val="simulation"/>
      </FileInfo>
    </File>
    <File Path="$PSRCDIR/sources_1/new/Adder_3bit.vhd">
      <FileInfo>
        <Attr Name="ImportPath" Val="$PPRDIR/../Nano Processor/Nano Processor.srcs/sources_1/new/Adder_3bit.vhd"/>
        <Attr Name="ImportTime" Val="1685799770"/>
        <Attr Name="UsedIn" Val="synthesis"/>
        <Attr Name="UsedIn" Val="simulation"/>
      </FileInfo>
    </File>
    <File Path="$PSRCDIR/sources_1/new/Decoder_2_to_4.vhd">
      <FileInfo>
        <Attr Name="ImportPath" Val="$PPRDIR/../Nano Processor/Nano Processor.srcs/sources_1/new/Decoder_2_to_4.vhd"/>
        <Attr Name="ImportTime" Val="1685652596"/>
        <Attr Name="UsedIn" Val="synthesis"/>
        <Attr Name="UsedIn" Val="simulation"/>
      </FileInfo>
    </File>
    <File Path="$PSRCDIR/sources_1/new/Decoder_3_to_8.vhd">
      <FileInfo>
        <Attr Name="ImportPath" Val="$PPRDIR/../Nano Processor/Nano Processor.srcs/sources_1/new/Decoder_3_to_8.vhd"/>
        <Attr Name="ImportTime" Val="1685637378"/>
        <Attr Name="UsedIn" Val="synthesis"/>
        <Attr Name="UsedIn" Val="simulation"/>
      </FileInfo>
    </File>
    <File Path="$PSRCDIR/sources_1/new/FA.vhd">
      <FileInfo>
        <Attr Name="UsedIn" Val="synthesis"/>
        <Attr Name="UsedIn" Val="simulation"/>
      </FileInfo>
    </File>
    <File Path="$PSRCDIR/sources_1/new/HA.vhd">
      <FileInfo>
        <Attr Name="UsedIn" Val="synthesis"/>
        <Attr Name="UsedIn" Val="simulation"/>
      </FileInfo>
    </File>
    <File Path="$PSRCDIR/sources_1/new/InstructionDecoder.vhd">
      <FileInfo>
        <Attr Name="ImportPath" Val="$PPRDIR/../Nano Processor/Nano Processor.srcs/sources_1/new/InstructionDecoder.vhd"/>
        <Attr Name="ImportTime" Val="1685967246"/>
        <Attr Name="UsedIn" Val="synthesis"/>
        <Attr Name="UsedIn" Val="simulation"/>
      </FileInfo>
    </File>
    <File Path="$PSRCDIR/sources_1/new/LUT_16_7.vhd">
      <FileInfo>
        <Attr Name="ImportPath" Val="$PPRDIR/../Nano Processor/Nano Processor.srcs/sources_1/new/LUT_16_7.vhd"/>
        <Attr Name="ImportTime" Val="1686016486"/>
        <Attr Name="UsedIn" Val="synthesis"/>
        <Attr Name="UsedIn" Val="simulation"/>
      </FileInfo>
    </File>
    <File Path="$PSRCDIR/sources_1/new/Mux_2_to_1.vhd">
      <FileInfo>
        <Attr Name="ImportPath" Val="$PPRDIR/../Nano Processor/Nano Processor.srcs/sources_1/new/Mux_2_to_1.vhd"/>
        <Attr Name="ImportTime" Val="1685782274"/>
        <Attr Name="UsedIn" Val="synthesis"/>
        <Attr Name="UsedIn" Val="simulation"/>
      </FileInfo>
    </File>
    <File Path="$PSRCDIR/sources_1/new/Mux_2_to_1_bit_3.vhd">
      <FileInfo>
        <Attr Name="ImportPath" Val="$PPRDIR/../Nano Processor/Nano Processor.srcs/sources_1/new/Mux_2_to_1_bit_3.vhd"/>
        <Attr Name="ImportTime" Val="1685770148"/>
        <Attr Name="UsedIn" Val="synthesis"/>
        <Attr Name="UsedIn" Val="simulation"/>
      </FileInfo>
    </File>
    <File Path="$PSRCDIR/sources_1/new/Mux_2_to_1_bit_4.vhd">
      <FileInfo>
        <Attr Name="ImportPath" Val="$PPRDIR/../Nano Processor/Nano Processor.srcs/sources_1/new/Mux_2_to_1_bit_4.vhd"/>
        <Attr Name="ImportTime" Val="1685793468"/>
        <Attr Name="UsedIn" Val="synthesis"/>
        <Attr Name="UsedIn" Val="simulation"/>
      </FileInfo>
    </File>
    <File Path="$PSRCDIR/sources_1/new/Mux_8_to_1.vhd">
      <FileInfo>
        <Attr Name="ImportPath" Val="$PPRDIR/../Nano Processor/Nano Processor.srcs/sources_1/new/Mux_8_to_1.vhd"/>
        <Attr Name="ImportTime" Val="1685637026"/>
        <Attr Name="UsedIn" Val="synthesis"/>
        <Attr Name="UsedIn" Val="simulation"/>
      </FileInfo>
    </File>
    <File Path="$PSRCDIR/sources_1/new/Mux_8_to_1_bit_4.vhd">
      <FileInfo>
        <Attr Name="ImportPath" Val="$PPRDIR/../Nano Processor/Nano Processor.srcs/sources_1/new/Mux_8_to_1_bit_4.vhd"/>
        <Attr Name="ImportTime" Val="1685640430"/>
        <Attr Name="UsedIn" Val="synthesis"/>
        <Attr Name="UsedIn" Val="simulation"/>
      </FileInfo>
    </File>
    <File Path="$PSRCDIR/sources_1/new/ProgramCounter.vhd">
      <FileInfo>
        <Attr Name="ImportPath" Val="$PPRDIR/../Nano Processor/Nano Processor.srcs/sources_1/new/ProgramCounter.vhd"/>
        <Attr Name="ImportTime" Val="1685625928"/>
        <Attr Name="UsedIn" Val="synthesis"/>
        <Attr Name="UsedIn" Val="simulation"/>
      </FileInfo>
    </File>
    <File Path="$PSRCDIR/sources_1/new/ROM.vhd">
      <FileInfo>
        <Attr Name="ImportPath" Val="$PPRDIR/../Nano Processor/Nano Processor.srcs/sources_1/new/ROM.vhd"/>
        <Attr Name="ImportTime" Val="1686033328"/>
        <Attr Name="UsedIn" Val="synthesis"/>
        <Attr Name="UsedIn" Val="simulation"/>
      </FileInfo>
    </File>
    <File Path="$PSRCDIR/sources_1/new/RegBank.vhd">
      <FileInfo>
        <Attr Name="ImportPath" Val="$PPRDIR/../Nano Processor/Nano Processor.srcs/sources_1/new/RegBank.vhd"/>
        <Attr Name="ImportTime" Val="1685969144"/>
        <Attr Name="UsedIn" Val="synthesis"/>
        <Attr Name="UsedIn" Val="simulation"/>
      </FileInfo>
    </File>
    <File Path="$PSRCDIR/sources_1/new/Reg_4_bit.vhd">
      <FileInfo>
        <Attr Name="ImportPath" Val="$PPRDIR/../Nano Processor/Nano Processor.srcs/sources_1/new/Reg_4_bit.vhd"/>
        <Attr Name="ImportTime" Val="1685646126"/>
        <Attr Name="UsedIn" Val="synthesis"/>
        <Attr Name="UsedIn" Val="simulation"/>
      </FileInfo>
    </File>
    <File Path="$PSRCDIR/sources_1/new/Slow_Clk.vhd">
      <FileInfo>
        <Attr Name="ImportPath" Val="$PPRDIR/../Nano Processor/Nano Processor.srcs/sources_1/new/Slow_Clk.vhd"/>
        <Attr Name="ImportTime" Val="1685811390"/>
        <Attr Name="UsedIn" Val="synthesis"/>
        <Attr Name="UsedIn" Val="simulation"/>
      </FileInfo>
    </File>
    <File Path="$PSRCDIR/sources_1/new/nano_processor.vhd">
      <FileInfo>
        <Attr Name="ImportPath" Val="$PPRDIR/../Nano Processor/Nano Processor.srcs/sources_1/new/nano_processor.vhd"/>
        <Attr Name="ImportTime" Val="1685973536"/>
        <Attr Name="UsedIn" Val="synthesis"/>
        <Attr Name="UsedIn" Val="simulation"/>
      </FileInfo>
    </File>
    <File Path="$PSRCDIR/sources_1/new/System.vhd">
      <FileInfo>
        <Attr Name="ImportPath" Val="$PPRDIR/../Nano Processor/Nano Processor.srcs/sources_1/new/System.vhd"/>
        <Attr Name="ImportTime" Val="1686034708"/>
        <Attr Name="UsedIn" Val="synthesis"/>
        <Attr Name="UsedIn" Val="simulation"/>
      </FileInfo>
    </File>
    <File Path="$PPRDIR/../Lab 3/Lab 3.srcs/sources_1/new/FA.vhd">
      <FileInfo>
        <Attr Name="AutoDisabled" Val="1"/>
        <Attr Name="UsedIn" Val="synthesis"/>
        <Attr Name="UsedIn" Val="simulation"/>
      </FileInfo>
    </File>
    <File Path="$PPRDIR/../Lab 3/Lab 3.srcs/sources_1/new/HA.vhd">
      <FileInfo>
        <Attr Name="AutoDisabled" Val="1"/>
        <Attr Name="UsedIn" Val="synthesis"/>
        <Attr Name="UsedIn" Val="simulation"/>
      </FileInfo>
    </File>
    <Config>
      <Option Name="DesignMode" Val="RTL"/>
      <Option Name="TopModule" Val="System"/>
    </Config>
  </FileSet>
  <FileSet Name="constrs_in" Type="Constrs" RelSrcDir="$PSRCDIR/constrs_1">
    <Filter Type="Constrs"/>
    <File Path="$PSRCDIR/constrs_1/new/Basys3Labs.xdc">
      <FileInfo>
        <Attr Name="ImportPath" Val="$PPRDIR/../Nano Processor/Nano Processor.srcs/constrs_1/new/Basys3Labs.xdc"/>
        <Attr Name="ImportTime" Val="1686030476"/>
        <Attr Name="UsedIn" Val="synthesis"/>
        <Attr Name="UsedIn" Val="implementation"/>
      </FileInfo>
    </File>
    <Config>
      <Option Name="ConstrsType" Val="XDC"/>
    </Config>
  </FileSet>
  <Strategy Version="1" Minor="2">
    <StratHandle Name="Vivado Implementation Defaults" Flow="Vivado Implementation 2018"/>
    <Step Id="init_design"/>
    <Step Id="opt_design"/>
    <Step Id="power_opt_design"/>
    <Step Id="place_design"/>
    <Step Id="post_place_power_opt_design"/>
    <Step Id="phys_opt_design"/>
    <Step Id="route_design"/>
    <Step Id="post_route_phys_opt_design"/>
    <Step Id="write_bitstream"/>
  </Strategy>
</GenRun>
